0,33.50172355
0.0055,58.22694431
0.011,84.66742283
0.0165,141.5712311
0.022,205.6863348
0.0275,228.3854403
0.033,277.8112525
0.0385,323.3836282
0.044,355.2253214
0.0495,381.2792952
0.055,417.2993564
0.0605,444.4818818
0.066,453.3459821
0.0715,472.1515404
0.077,487.8896901
0.0825,490.7838138
0.088,501.4609855
0.0935,530.9354471
0.099,547.946582
0.1045,561.0119203
0.11,580.8373093
0.1155,591.2600951
0.121,601.5817247
0.1265,611.9142615
0.132,624.4490134
0.1375,628.3853101
0.143,633.0689313
0.1485,629.5319819
0.154,629.6526656
0.1595,624.3654496
0.165,625.2688187
0.1705,624.9287578
0.176,626.6999594
0.1815,624.2146828
0.187,625.6062406
0.1925,626.056078
0.198,625.9607272
0.2035,618.506129
0.209,617.6674999
0.2145,613.0473872
0.22,613.4356512
0.2255,613.5938067
0.231,616.8112784
0.2365,616.5630499
0.242,613.59539
0.2475,609.3047827
0.253,603.1771783
0.2585,605.9747197
0.264,604.0335757
0.2695,602.5380468
0.275,601.2763208
0.2805,595.8235604
0.286,584.5997932
0.2915,574.1653964
0.297,573.7732621
0.3025,561.6060152
0.308,555.8566471
0.3135,548.5146402
0.319,544.1142563
0.3245,535.0427418
0.33,531.6347445
0.3355,526.8327265
0.341,516.3779226
0.3465,508.3686364
0.352,500.204889
0.3575,496.8771131
0.363,498.0021462
0.3685,505.4621981
0.374,510.2585865
0.3795,519.8089659
0.385,537.6198506
0.3905,559.1064888
0.396,584.2168069
0.4015,622.0253102
0.407,663.2277368
0.4125,699.4787861
0.418,747.7025104
0.4235,795.0330693
0.429,841.0686525
0.4345,889.2967749
0.44,935.3130065
0.4455,966.199785
0.451,1001.586696
0.4565,1034.647542
0.462,1063.728462
0.4675,1088.894196
0.473,1117.097959
0.4785,1144.533815
0.484,1164.779135
0.4895,1187.391334
0.495,1209.012906
0.5005,1226.363222
0.506,1238.812474
0.5115,1254.627855
0.517,1263.210653
0.5225,1274.965006
0.528,1289.348366
0.5335,1306.438139
0.539,1328.850313
0.5445,1355.920423
0.55,1387.989938
0.5555,1419.650077
0.561,1450.645929
0.5665,1479.833458
0.572,1506.893893
0.5775,1522.378536
0.583,1538.021687
0.5885,1557.259314
0.594,1572.930085
0.5995,1592.650975
0.605,1614.861364
0.6105,1639.053888
0.616,1648.619045
0.6215,1660.084355
0.627,1664.599441
0.6325,1674.162311
0.638,1680.294666
0.6435,1694.289234
0.649,1702.199651
0.6545,1714.823068
0.66,1730.934177
0.6655,1742.865686
0.671,1756.724792
0.6765,1773.708307
0.682,1788.532181
0.6875,1801.36354
0.693,1818.822225
0.6985,1839.224293
0.704,1860.367176
0.7095,1882.685406
0.715,1905.44714
0.7205,1927.848759
0.726,1945.917196
0.7315,1959.174643
0.737,1972.457599
0.7425,1977.047453
0.748,1986.610675
0.7535,1993.415058
0.759,2007.142398
0.7645,2018.093835
0.77,2035.292857
0.7755,2054.542975
0.781,2073.947026
0.7865,2093.668268
0.792,2109.901292
0.7975,2125.115892
0.803,2132.871496
0.8085,2148.800347
0.814,2167.403945
0.8195,2190.620267
0.825,2211.239952
0.8305,2225.336908
0.836,2237.655977
0.8415,2237.455248
0.847,2243.02447
0.8525,2249.945843
0.858,2261.167675
0.8635,2273.555706
0.869,2285.327125
0.8745,2291.26262
0.88,2301.925894
0.8855,2319.156054
0.891,2330.601661
0.8965,2347.927348
0.902,2366.70036
0.9075,2379.657505
0.913,2388.198258
0.9185,2395.003521
0.924,2401.511824
0.9295,2408.789971
0.935,2414.468618
0.9405,2426.163333
0.946,2434.971314
0.9515,2445.13514
0.957,2449.537107
0.9625,2460.215158
0.968,2468.791799
0.9735,2477.000583
0.979,2485.858525
0.9845,2492.811917
0.99,2505.762552
0.9955,2508.078766
1.001,2519.046916
1.0065,2525.174872
1.012,2534.238998
1.0175,2535.579186
1.023,2541.960825
1.0285,2546.123359
1.034,2553.669086
1.0395,2562.479881
1.045,2567.944781
1.0505,2578.684581
1.056,2588.114453
1.0615,2594.996771
1.067,2606.81129
1.0725,2612.636481
1.078,2609.855477
1.0835,2606.773642
1.089,2604.877007
1.0945,2601.885773
1.1,2602.818522
1.1055,2609.541453
1.111,2615.774084
1.1165,2625.912752
1.122,2628.648193
1.1275,2630.95262
1.133,2633.619801
1.1385,2637.396007
1.144,2641.649143
1.1495,2647.833219
1.155,2660.339471
1.1605,2666.870469
1.166,2671.326621
1.1715,2670.982865
1.177,2671.353009
1.1825,2674.825571
1.188,2676.546282
1.1935,2681.339504
1.199,2687.767586
1.2045,2688.948739
1.21,2691.138815
1.2155,2694.252492
1.221,2701.597138
1.2265,2699.878537
1.232,2712.639527
1.2375,2706.971436
1.243,2715.928776
1.2485,2716.196356
1.254,2720.74997
1.2595,2722.583624
1.265,2730.079213
1.2705,2737.154871
1.276,2737.751429
1.2815,2744.473304
1.287,2739.117478
1.2925,2743.007682
1.298,2740.907503
1.3035,2747.766775
1.309,2747.488639
1.3145,2752.953363
1.32,2752.637931
1.3255,2752.325138
1.331,2749.216212
1.3365,2758.844174
1.342,2764.367831
1.3475,2768.03514
1.353,2768.981083
1.3585,2775.94503
1.364,2773.817406
1.3695,2776.171971
1.375,2783.54758
1.3805,2788.879832
1.386,2796.630862
1.3915,2800.655649
1.397,2809.540332
1.4025,2810.461997
1.408,2821.233816
1.4135,2819.69413
1.419,2823.447466
1.4245,2821.576867
1.43,2827.319726
1.4355,2828.293817
1.441,2830.216313
1.4465,2835.643389
1.452,2838.063573
1.4575,2847.898597
1.463,2848.02579
1.4685,2855.122735
1.474,2855.080338
1.4795,2857.976045
1.485,2854.084433
1.4905,2854.772823
1.496,2862.287411
1.5015,2869.920748
1.507,2872.286924
1.5125,2879.306638
1.518,2882.782014
1.5235,2884.436051
1.529,2887.183806
1.5345,2903.140101
1.54,2899.968194
1.5455,2905.65247
1.551,2906.974714
1.5565,2911.021842
1.562,2902.618839
1.5675,2907.652196
1.573,2912.120663
1.5785,2908.543603
1.584,2910.212417
1.5895,2915.10785
1.595,2917.835198
1.6005,2917.881114
1.606,2932.242132
1.6115,2936.616303
1.617,2943.739285
1.6225,2951.833014
1.628,2963.614636
1.6335,2960.851752
1.639,2955.384565
1.6445,2956.119048
1.65,2954.878608
1.6555,2954.490696
1.661,2961.984877
1.6665,2971.288611
1.672,2978.890634
1.6775,2987.350109
1.683,2996.154043
1.6885,3000.301097
1.694,3003.976498
1.6995,3007.173739
1.705,3016.133894
1.7105,3023.761073
1.716,3019.107359
1.7215,3046.873424
1.727,3040.368815
1.7325,3043.674072
1.738,3036.629553
1.7435,3050.313263
1.749,3038.937322
1.7545,3060.798678
1.76,3070.343428
1.7655,3067.998714
1.771,3064.355155
1.7765,3066.978708
1.782,3056.516163
1.7875,3057.459643
1.793,3058.578343
1.7985,3069.846267
1.804,3067.571923
1.8095,3084.411004
1.815,3080.964304
1.8205,3102.820734
1.826,3112.753396
1.8315,3133.640485
1.837,3126.391718
1.8425,3141.002724
1.848,3148.805651
1.8535,3136.95753
1.859,3133.651041
1.8645,3161.976544
1.87,3159.183224
1.8755,3162.931986
1.881,3156.032956
1.8865,3171.144465
1.892,3155.308501
1.8975,3167.057753
1.903,3167.05441
1.9085,3200.083766
1.914,3197.718469
1.9195,3200.418373
1.925,3210.924019
1.9305,3202.819558
1.936,3227.237264
1.9415,3218.11262
1.947,3241.025649
1.9525,3230.824352
1.958,3266.262984
1.9635,3249.027371
1.969,3282.441647
1.9745,3285.566935
1.98,3292.045683
1.9855,3275.033845
1.991,3291.493283
1.9965,3280.599724
2.002,3276.06599
2.0075,3284.82524
2.013,3295.65353
2.0185,3298.876807
2.024,3286.708857
2.0295,3295.157249
2.035,3302.825419
2.0405,3294.338499
2.046,3292.659834
2.0515,3315.038406
2.057,3317.874651
2.0625,3314.503421
2.068,3330.78975
2.0735,3337.245101
2.079,3335.282494
2.0845,3341.182805
2.09,3347.431796
2.0955,3358.331512
2.101,3364.432024
2.1065,3359.307538
2.112,3368.622179
2.1175,3386.579256
2.123,3377.865747
2.1285,3368.230572
2.134,3374.355362
2.1395,3400.144394
2.145,3361.075748
2.1505,3390.894669
2.156,3401.212956
2.1615,3373.473807
2.167,3360.919528
2.1725,3380.228229
2.178,3384.590085
2.1835,3375.214574
2.189,3430.087693
2.1945,3386.269806
2.2,3407.131211
2.2055,3375.493765
2.211,3412.658915
2.2165,3409.796458
2.222,3439.206707
2.2275,3440.357073
2.233,3427.776757
2.2385,3426.927924
2.244,3436.865864
2.2495,3441.700428
2.255,3443.466704
2.2605,3491.204702
2.266,3487.334025
2.2715,3469.627815
2.277,3473.557954
2.2825,3484.341208
2.288,3492.165071
2.2935,3464.558921
2.299,3490.222695
2.3045,3485.68597
2.31,3491.516439
2.3155,3462.525944
2.321,3512.735145
2.3265,3491.155268
2.332,3535.001126
2.3375,3524.314983
2.343,3540.220964
2.3485,3508.194198
2.354,3524.566906
2.3595,3508.924634
2.365,3517.703939
2.3705,3515.578955
2.376,3515.655658
2.3815,3512.024589
2.387,3495.860176
2.3925,3489.632646
2.398,3487.660012
2.4035,3504.115403
2.409,3492.838331
2.4145,3486.086725
2.42,3501.427814
2.4255,3501.752746
2.431,3517.365462
2.4365,3529.235925
2.442,3561.861359
2.4475,3537.494144
2.453,3547.935225
2.4585,3528.007625
2.464,3542.172487
2.4695,3551.743625
2.475,3564.812482
2.4805,3557.421744
2.486,3555.803245
2.4915,3556.498144
2.497,3554.144283
2.5025,3584.512789
2.508,3604.262707
2.5135,3589.569721
2.519,3584.625733
2.5245,3571.66155
2.53,3570.394899
2.5355,3564.643419
2.541,3588.059591
2.5465,3572.779195
2.552,3568.236137
2.5575,3554.588139
2.563,3593.928587
2.5685,3592.013832
2.574,3633.508468
2.5795,3614.839074
2.585,3613.835429
2.5905,3574.259946
2.596,3602.9285
2.6015,3602.640689
2.607,3614.110398
2.6125,3623.943663
2.618,3614.953777
2.6235,3603.179192
2.629,3588.559566
2.6345,3613.223214
2.64,3597.592026
2.6455,3592.722981
2.651,3575.787317
2.6565,3578.049346
2.662,3586.931743
2.6675,3603.753407
2.673,3636.086632
2.6785,3632.197307
2.684,3635.869014
2.6895,3621.449062
2.695,3619.501937
2.7005,3618.350867
2.706,3626.470809
2.7115,3612.76845
2.717,3603.252024
2.7225,3617.048326
2.728,3607.072915
2.7335,3627.926051
2.739,3621.950621
2.7445,3634.274088
2.75,3632.699042
2.7555,3654.507445
2.761,3620.572961
2.7665,3654.202217
2.772,3662.395871
2.7775,3630.034675
2.783,3630.022008
2.7885,3670.80556
2.794,3672.490031
2.7995,3664.386098
2.805,3684.949136
2.8105,3702.907797
2.816,3677.983606
2.8215,3692.045729
2.827,3711.259431
2.8325,3715.655417
2.838,3707.21758
2.8435,3743.381899
2.849,3738.674528
2.8545,3722.70152
2.86,3744.575718
2.8655,3731.110681
2.871,3721.652837
2.8765,3721.906344
2.882,3718.543383
2.8875,3712.438649
2.893,3713.895122
2.8985,3736.985483
2.904,3726.340505
2.9095,3763.371425
2.915,3755.44623
2.9205,3755.370231
2.926,3741.739649
2.9315,3754.693804
2.937,3744.225102
2.9425,3749.538355
2.948,3764.845315
2.9535,3760.456014
2.959,3749.537299
2.9645,3756.999638
2.97,3786.305213
2.9755,3783.713502
2.981,3775.394766
2.9865,3789.948596
2.992,3776.453476
2.9975,3765.329281
3.003,3757.989737
3.0085,3785.079375
3.014,3779.587911
3.0195,3783.185379
3.025,3771.32336
3.0305,3804.95543
3.036,3813.052151
3.0415,3790.567672
3.047,3811.591279
3.0525,3808.839302
3.058,3806.054075
3.0635,3783.99498
3.069,3799.221543
3.0745,3796.627194
3.08,3802.905389
3.0855,3795.160693
3.091,3786.874854
3.0965,3813.357906
3.102,3801.442055
3.1075,3798.199953
3.113,3800.677665
3.1185,3826.073332
3.124,3812.162152
3.1295,3814.574596
3.135,3827.828348
3.1405,3817.294379
3.146,3804.186467
3.1515,3820.076087
3.157,3832.460424
3.1625,3827.602462
3.168,3835.047033
3.1735,3833.510162
3.179,3819.004711
3.1845,3826.203164
3.19,3824.811078
3.1955,3818.475532
3.201,3811.815582
3.2065,3822.317357
3.212,3797.105531
3.2175,3821.178954
3.223,3813.618098
3.2285,3826.913192
3.234,3803.751935
3.2395,3815.564695
3.245,3796.833729
3.2505,3814.567383
3.256,3823.087904
3.2615,3843.641442
3.267,3838.606852
3.2725,3847.820689
3.278,3831.723303
3.2835,3827.410705
3.289,3816.742154
3.2945,3828.84255
3.3,3811.702287
3.3055,3825.760715
3.311,3807.401476
3.3165,3822.215849
3.322,3801.033911
3.3275,3812.317141
3.333,3813.981029
3.3385,3821.753697
3.344,3801.735144
3.3495,3826.84423
3.355,3822.763676
3.3605,3806.289461
3.366,3801.94766
3.3715,3824.99228
3.377,3797.339158
3.3825,3804.446306
3.388,3797.154614
3.3935,3815.784424
3.399,3792.918191
3.4045,3805.185011
3.41,3802.673698
3.4155,3807.767397
3.421,3793.168531
3.4265,3800.072311
3.432,3804.749775
3.4375,3772.545503
3.443,3798.510283
3.4485,3788.558797
3.454,3786.966862
3.4595,3771.760355
3.465,3804.783201
3.4705,3795.987711
3.476,3790.51683
3.4815,3784.798601
3.487,3774.072698
3.4925,3767.797493
3.498,3742.691046
3.5035,3769.055525
3.509,3783.522449
3.5145,3796.052803
3.52,3792.785193
3.5255,3794.922668
3.531,3774.431759
3.5365,3763.468535
3.542,3769.994607
3.5475,3762.374464
3.553,3759.346286
3.5585,3774.933142
3.564,3767.750346
3.5695,3775.57544
3.575,3781.882486
3.5805,3789.916754
3.586,3766.481407
3.5915,3767.444062
3.597,3746.083913
3.6025,3751.594729
3.608,3747.300075
3.6135,3775.35184
3.619,3760.495773
3.6245,3778.008643
3.63,3764.151647
3.6355,3770.386917
3.641,3754.171134
3.6465,3757.832813
3.652,3735.914458
3.6575,3740.629042
3.663,3741.046685
3.6685,3737.361256
3.674,3747.99691
3.6795,3762.795098
3.685,3749.395153
3.6905,3751.38274
3.696,3735.797645
3.7015,3744.447294
3.707,3731.977458
3.7125,3753.885082
3.718,3726.333644
3.7235,3750.072811
3.729,3739.109411
3.7345,3741.862796
3.74,3724.228187
3.7455,3749.542577
3.751,3733.833279
3.7565,3744.236713
3.762,3736.902798
3.7675,3743.597054
3.773,3726.747065
3.7785,3709.638468
3.784,3729.338951
3.7895,3716.090125
3.795,3730.465568
3.8005,3720.323557
3.806,3752.564421
3.8115,3708.005543
3.817,3715.00573
3.8225,3706.352562
3.828,3699.857629
3.8335,3691.080611
3.839,3700.651573
3.8445,3719.189024
3.85,3692.53902
3.8555,3724.906901
3.861,3713.843401
3.8665,3708.259401
3.872,3703.642103
3.8775,3718.436597
3.883,3709.219769
3.8885,3707.01298
3.894,3715.815331
3.8995,3712.525555
3.905,3699.753306
3.9105,3710.928518
3.916,3700.094774
3.9215,3709.275889
3.927,3714.816084
3.9325,3713.689467
3.938,3690.980334
3.9435,3697.976651
3.949,3683.408922
3.9545,3663.403563
3.96,3691.530096
3.9655,3695.351691
3.971,3713.66044
3.9765,3710.220424
3.982,3722.009963
3.9875,3697.854384
3.993,3694.141334
3.9985,3681.496454
4.004,3673.086765
4.0095,3673.206658
4.015,3673.326551
4.0205,3673.446444
4.026,3673.566337
4.0315,3673.686229
4.037,3673.806122
4.0425,3673.926015
4.048,3674.045908
4.0535,3674.165801
4.059,3674.285694
4.0645,3674.405587
4.07,3674.525479
4.0755,3674.645372
4.081,3674.765265
4.0865,3674.885158
4.092,3675.005051
4.0975,3675.124944
4.103,3675.244837
4.1085,3675.364729
4.114,3675.484622
4.1195,3675.604515
4.125,3675.724408
4.1305,3675.844301
4.136,3675.964194
4.1415,3676.084087
4.147,3676.20398
4.1525,3676.323872
4.158,3676.443765
4.1635,3676.563658
4.169,3676.683551
4.1745,3676.803444
4.18,3676.923337
4.1855,3677.04323
4.191,3677.163122
4.1965,3677.283015
4.202,3677.402908
4.2075,3677.522801
4.213,3677.642694
4.2185,3677.762587
4.224,3677.88248
4.2295,3678.002372
4.235,3678.122265
4.2405,3678.242158
4.246,3678.362051
4.2515,3678.481944
4.257,3678.601837
4.2625,3678.72173
4.268,3678.841622
4.2735,3678.961515
4.279,3679.081408
4.2845,3679.201301
4.29,3679.321194
4.2955,3679.441087
4.301,3679.56098
4.3065,3679.680872
4.312,3679.800765
4.3175,3679.920658
4.323,3680.040551
4.3285,3680.160444
4.334,3680.280337
4.3395,3680.40023
4.345,3680.520122
4.3505,3680.640015
4.356,3680.759908
4.3615,3680.879801
4.367,3680.999694
4.3725,3681.119587
4.378,3681.23948
4.3835,3681.359372
4.389,3681.479265
4.3945,3681.599158
4.4,3681.719051
4.4055,3681.838944
4.411,3681.958837
4.4165,3682.07873
4.422,3682.198622
4.4275,3682.318515
4.433,3682.438408
4.4385,3682.558301
4.444,3682.678194
4.4495,3682.798087
4.455,3682.91798
4.4605,3683.037872
4.466,3683.157765
4.4715,3683.277658
4.477,3683.397551
4.4825,3683.517444
4.488,3683.637337
4.4935,3683.75723
4.499,3683.877122
4.5045,3683.997015
4.51,3684.116908
4.5155,3684.236801
4.521,3684.356694
4.5265,3684.476587
4.532,3684.59648
4.5375,3684.716372
4.543,3684.836265
4.5485,3684.956158
4.554,3685.076051
4.5595,3685.195944
4.565,3685.315837
4.5705,3685.43573
4.576,3685.555623
4.5815,3685.675515
4.587,3685.795408
4.5925,3685.915301
4.598,3686.035194
4.6035,3686.155087
4.609,3686.27498
4.6145,3686.394873
4.62,3686.514765
4.6255,3686.634658
4.631,3686.754551
4.6365,3686.874444
4.642,3686.994337
4.6475,3687.11423
4.653,3687.234123
4.6585,3687.354015
4.664,3687.473908
4.6695,3687.593801
4.675,3687.713694
4.6805,3687.833587
4.686,3687.95348
4.6915,3688.073373
4.697,3688.193265
4.7025,3688.313158
4.708,3688.433051
4.7135,3688.552944
4.719,3688.672837
4.7245,3688.79273
4.73,3688.912623
4.7355,3689.032515
4.741,3689.152408
4.7465,3689.272301
4.752,3689.392194
4.7575,3689.512087
4.763,3689.63198
4.7685,3689.751873
4.774,3689.871765
4.7795,3689.991658
4.785,3690.111551
4.7905,3690.231444
4.796,3690.351337
4.8015,3690.47123
4.807,3690.591123
4.8125,3690.711015
4.818,3690.830908
4.8235,3690.950801
4.829,3691.070694
4.8345,3691.190587
4.84,3691.31048
4.8455,3691.430373
4.851,3691.550265
4.8565,3691.670158
4.862,3691.790051
4.8675,3691.909944
4.873,3692.029837
4.8785,3692.14973
4.884,3692.269623
4.8895,3692.389515
4.895,3692.509408
4.9005,3692.629301
4.906,3692.749194
4.9115,3692.869087
4.917,3692.98898
4.9225,3693.108873
4.928,3693.228765
4.9335,3693.348658
4.939,3693.468551
4.9445,3693.588444
4.95,3693.708337
4.9555,3693.82823
4.961,3693.948123
4.9665,3694.068016
4.972,3694.187908
4.9775,3694.307801
4.983,3694.427694
4.9885,3694.547587
4.994,3694.66748
4.9995,3694.787373
5.005,3694.907266
5.0105,3695.027158
5.016,3695.147051
5.0215,3695.266944
5.027,3695.386837
5.0325,3695.50673
5.038,3695.626623
5.0435,3695.746516
5.049,3695.866408
5.0545,3695.986301
5.06,3696.106194
5.0655,3696.226087
5.071,3696.34598
5.0765,3696.465873
5.082,3696.585766
5.0875,3696.705658
5.093,3696.825551
5.0985,3696.945444
5.104,3697.065337
5.1095,3697.18523
5.115,3697.305123
5.1205,3697.425016
5.126,3697.544908
5.1315,3697.664801
5.137,3697.784694
5.1425,3697.904587
5.148,3698.02448
5.1535,3698.144373
5.159,3698.264266
5.1645,3698.384158
5.17,3698.504051
5.1755,3698.623944
5.181,3698.743837
5.1865,3698.86373
5.192,3698.983623
5.1975,3699.103516
5.203,3699.223408
5.2085,3699.343301
5.214,3699.463194
5.2195,3699.583087
5.225,3699.70298
5.2305,3699.822873
5.236,3699.942766
5.2415,3700.062658
5.247,3700.182551
5.2525,3700.302444
5.258,3700.422337
5.2635,3700.54223
5.269,3700.662123
5.2745,3700.782016
5.28,3700.901908
5.2855,3701.021801
5.291,3701.141694
5.2965,3701.261587
5.302,3701.38148
5.3075,3701.501373
5.313,3701.621266
5.3185,3701.741158
5.324,3701.861051
5.3295,3701.980944
5.335,3702.100837
5.3405,3702.22073
5.346,3702.340623
5.3515,3702.460516
5.357,3702.580409
5.3625,3702.700301
5.368,3702.820194
5.3735,3702.940087
5.379,3703.05998
5.3845,3703.179873
5.39,3703.299766
5.3955,3703.419659
5.401,3703.539551
5.4065,3703.659444
5.412,3703.779337
5.4175,3703.89923
5.423,3704.019123
5.4285,3704.139016
5.434,3704.258909
5.4395,3704.378801
5.445,3704.498694
5.4505,3704.618587
5.456,3704.73848
5.4615,3704.858373
5.467,3704.978266
5.4725,3705.098159
5.478,3705.218051
5.4835,3705.337944
5.489,3705.457837
5.4945,3705.57773
5.5,3705.697623
5.5055,3705.817516
5.511,3705.937409
5.5165,3706.057301
5.522,3706.177194
5.5275,3706.297087
5.533,3706.41698
5.5385,3706.536873
5.544,3706.656766
5.5495,3706.776659
5.555,3706.896551
5.5605,3707.016444
5.566,3707.136337
5.5715,3707.25623
5.577,3707.376123
5.5825,3707.496016
5.588,3707.615909
5.5935,3707.735801
5.599,3707.855694
5.6045,3707.975587
5.61,3708.09548
5.6155,3708.215373
5.621,3708.335266
5.6265,3708.455159
5.632,3708.575051
5.6375,3708.694944
5.643,3708.814837
5.6485,3708.93473
5.654,3709.054623
5.6595,3709.174516
5.665,3709.294409
5.6705,3709.414301
5.676,3709.534194
5.6815,3709.654087
5.687,3709.77398
5.6925,3709.893873
5.698,3710.013766
5.7035,3710.133659
5.709,3710.253551
5.7145,3710.373444
5.72,3710.493337
5.7255,3710.61323
5.731,3710.733123
5.7365,3710.853016
5.742,3710.972909
5.7475,3711.092802
5.753,3711.212694
5.7585,3711.332587
5.764,3711.45248
5.7695,3711.572373
5.775,3711.692266
5.7805,3711.812159
5.786,3711.932052
5.7915,3712.051944
5.797,3712.171837
5.8025,3712.29173
5.808,3712.411623
5.8135,3712.531516
5.819,3712.651409
5.8245,3712.771302
5.83,3712.891194
5.8355,3713.011087
5.841,3713.13098
5.8465,3713.250873
5.852,3713.370766
5.8575,3713.490659
5.863,3713.610552
5.8685,3713.730444
5.874,3713.850337
5.8795,3713.97023
5.885,3714.090123
5.8905,3714.210016
5.896,3714.329909
5.9015,3714.449802
5.907,3714.569694
5.9125,3714.689587
5.918,3714.80948
5.9235,3714.929373
5.929,3715.049266
5.9345,3715.169159
5.94,3715.289052
5.9455,3715.408944
5.951,3715.528837
5.9565,3715.64873
5.962,3715.768623
5.9675,3715.888516
5.973,3716.008409
5.9785,3716.128302
5.984,3716.248194
5.9895,3716.368087
5.995,3716.48798
6.0005,3716.607873
6.006,3716.727766
6.0115,3716.847659
6.017,3716.967552
6.0225,3717.087444
6.028,3717.207337
6.0335,3717.32723
6.039,3717.447123
6.0445,3717.567016
6.05,3717.686909
6.0555,3717.806802
6.061,3717.926694
6.0665,3718.046587
6.072,3718.16648
6.0775,3718.286373
6.083,3718.406266
6.0885,3718.526159
6.094,3718.646052
6.0995,3718.765944
6.105,3718.885837
6.1105,3719.00573
6.116,3719.125623
6.1215,3719.245516
6.127,3719.365409
6.1325,3719.485302
6.138,3719.605195
6.1435,3719.725087
6.149,3719.84498
6.1545,3719.964873
6.16,3720.084766
6.1655,3720.204659
6.171,3720.324552
6.1765,3720.444445
6.182,3720.564337
6.1875,3720.68423
6.193,3720.804123
6.1985,3720.924016
6.204,3721.043909
6.2095,3721.163802
6.215,3721.283695
6.2205,3721.403587
6.226,3721.52348
6.2315,3721.643373
6.237,3721.763266
6.2425,3721.883159
6.248,3722.003052
6.2535,3722.122945
6.259,3722.242837
6.2645,3722.36273
6.27,3722.482623
6.2755,3722.602516
6.281,3722.722409
6.2865,3722.842302
6.292,3722.962195
6.2975,3723.082087
6.303,3723.20198
6.3085,3723.321873
6.314,3723.441766
6.3195,3723.561659
6.325,3723.681552
6.3305,3723.801445
6.336,3723.921337
6.3415,3724.04123
6.347,3724.161123
6.3525,3724.281016
6.358,3724.400909
6.3635,3724.520802
6.369,3724.640695
6.3745,3724.760587
6.38,3724.88048
6.3855,3725.000373
6.391,3725.120266
6.3965,3725.240159
6.402,3725.360052
6.4075,3725.479945
6.413,3725.599837
6.4185,3725.71973
6.424,3725.839623
6.4295,3725.959516
6.435,3726.079409
6.4405,3726.199302
6.446,3726.319195
6.4515,3726.439087
6.457,3726.55898
6.4625,3726.678873
6.468,3726.798766
6.4735,3726.918659
6.479,3727.038552
6.4845,3727.158445
6.49,3727.278337
6.4955,3727.39823
6.501,3727.518123
6.5065,3727.638016
6.512,3727.757909
6.5175,3727.877802
6.523,3727.997695
6.5285,3728.117588
6.534,3728.23748
6.5395,3728.357373
6.545,3728.477266
6.5505,3728.597159
6.556,3728.717052
6.5615,3728.836945
6.567,3728.956838
6.5725,3729.07673
6.578,3729.196623
6.5835,3729.316516
6.589,3729.436409
6.5945,3729.556302
6.6,3729.676195
6.6055,3729.796088
6.611,3729.91598
6.6165,3730.035873
6.622,3730.155766
6.6275,3730.275659
6.633,3730.395552
6.6385,3730.515445
6.644,3730.635338
6.6495,3730.75523
6.655,3730.875123
6.6605,3730.995016
6.666,3731.114909
6.6715,3731.234802
6.677,3731.354695
6.6825,3731.474588
6.688,3731.59448
6.6935,3731.714373
6.699,3731.834266
6.7045,3731.954159
6.71,3732.074052
6.7155,3732.193945
6.721,3732.313838
6.7265,3732.43373
6.732,3732.553623
6.7375,3732.673516
6.743,3732.793409
6.7485,3732.913302
6.754,3733.033195
6.7595,3733.153088
6.765,3733.27298
6.7705,3733.392873
6.776,3733.512766
6.7815,3733.632659
6.787,3733.752552
6.7925,3733.872445
6.798,3733.992338
6.8035,3734.11223
6.809,3734.232123
6.8145,3734.352016
6.82,3734.471909
6.8255,3734.591802
6.831,3734.711695
6.8365,3734.831588
6.842,3734.95148
6.8475,3735.071373
6.853,3735.191266
6.8585,3735.311159
6.864,3735.431052
6.8695,3735.550945
6.875,3735.670838
6.8805,3735.79073
6.886,3735.910623
6.8915,3736.030516
6.897,3736.150409
6.9025,3736.270302
6.908,3736.390195
6.9135,3736.510088
6.919,3736.629981
6.9245,3736.749873
6.93,3736.869766
6.9355,3736.989659
6.941,3737.109552
6.9465,3737.229445
6.952,3737.349338
6.9575,3737.469231
6.963,3737.589123
6.9685,3737.709016
6.974,3737.828909
6.9795,3737.948802
6.985,3738.068695
6.9905,3738.188588
6.996,3738.308481
7.0015,3738.428373
7.007,3738.548266
7.0125,3738.668159
7.018,3738.788052
7.0235,3738.907945
7.029,3739.027838
7.0345,3739.147731
7.04,3739.267623
7.0455,3739.387516
7.051,3739.507409
7.0565,3739.627302
7.062,3739.747195
7.0675,3739.867088
7.073,3739.986981
7.0785,3740.106873
7.084,3740.226766
7.0895,3740.346659
7.095,3740.466552
7.1005,3740.586445
7.106,3740.706338
7.1115,3740.826231
7.117,3740.946123
7.1225,3741.066016
7.128,3741.185909
7.1335,3741.305802
7.139,3741.425695
7.1445,3741.545588
7.15,3741.665481
7.1555,3741.785373
7.161,3741.905266
7.1665,3742.025159
7.172,3742.145052
7.1775,3742.264945
7.183,3742.384838
7.1885,3742.504731
7.194,3742.624623
7.1995,3742.744516
7.205,3742.864409
7.2105,3742.984302
7.216,3743.104195
7.2215,3743.224088
7.227,3743.343981
7.2325,3743.463873
7.238,3743.583766
7.2435,3743.703659
7.249,3743.823552
7.2545,3743.943445
7.26,3744.063338
7.2655,3744.183231
7.271,3744.303123
7.2765,3744.423016
7.282,3744.542909
7.2875,3744.662802
7.293,3744.782695
7.2985,3744.902588
7.304,3745.022481
7.3095,3745.142374
7.315,3745.262266
7.3205,3745.382159
7.326,3745.502052
7.3315,3745.621945
7.337,3745.741838
7.3425,3745.861731
7.348,3745.981624
7.3535,3746.101516
7.359,3746.221409
7.3645,3746.341302
7.37,3746.461195
7.3755,3746.581088
7.381,3746.700981
7.3865,3746.820874
7.392,3746.940766
7.3975,3747.060659
7.403,3747.180552
7.4085,3747.300445
7.414,3747.420338
7.4195,3747.540231
7.425,3747.660124
7.4305,3747.780016
7.436,3747.899909
7.4415,3748.019802
7.447,3748.139695
7.4525,3748.259588
7.458,3748.379481
7.4635,3748.499374
7.469,3748.619266
7.4745,3748.739159
7.48,3748.859052
7.4855,3748.978945
7.491,3749.098838
7.4965,3749.218731
7.502,3749.338624
7.5075,3749.458516
7.513,3749.578409
7.5185,3749.698302
7.524,3749.818195
7.5295,3749.938088
7.535,3750.057981
7.5405,3750.177874
7.546,3750.297766
7.5515,3750.417659
7.557,3750.537552
7.5625,3750.657445
7.568,3750.777338
7.5735,3750.897231
7.579,3751.017124
7.5845,3751.137016
7.59,3751.256909
7.5955,3751.376802
7.601,3751.496695
7.6065,3751.616588
7.612,3751.736481
7.6175,3751.856374
7.623,3751.976266
7.6285,3752.096159
7.634,3752.216052
7.6395,3752.335945
7.645,3752.455838
7.6505,3752.575731
7.656,3752.695624
7.6615,3752.815516
7.667,3752.935409
7.6725,3753.055302
7.678,3753.175195
7.6835,3753.295088
7.689,3753.414981
7.6945,3753.534874
7.7,3753.654767
7.7055,3753.774659
7.711,3753.894552
7.7165,3754.014445
7.722,3754.134338
7.7275,3754.254231
7.733,3754.374124
7.7385,3754.494017
7.744,3754.613909
7.7495,3754.733802
7.755,3754.853695
7.7605,3754.973588
7.766,3755.093481
7.7715,3755.213374
7.777,3755.333267
7.7825,3755.453159
7.788,3755.573052
7.7935,3755.692945
7.799,3755.812838
7.8045,3755.932731
7.81,3756.052624
7.8155,3756.172517
7.821,3756.292409
7.8265,3756.412302
7.832,3756.532195
7.8375,3756.652088
7.843,3756.771981
7.8485,3756.891874
7.854,3757.011767
7.8595,3757.131659
7.865,3757.251552
7.8705,3757.371445
7.876,3757.491338
7.8815,3757.611231
7.887,3757.731124
7.8925,3757.851017
7.898,3757.970909
7.9035,3758.090802
7.909,3758.210695
7.9145,3758.330588
7.92,3758.450481
7.9255,3758.570374
7.931,3758.690267
7.9365,3758.810159
7.942,3758.930052
7.9475,3759.049945
7.953,3759.169838
7.9585,3759.289731
7.964,3759.409624
7.9695,3759.529517
7.975,3759.649409
7.9805,3759.769302
7.986,3759.889195
7.9915,3760.009088
7.997,3760.128981
8.0025,3760.248874
8.008,3760.368767
8.0135,3760.488659
8.019,3760.608552
8.0245,3760.728445
8.03,3760.848338
8.0355,3760.968231
8.041,3761.088124
8.0465,3761.208017
8.052,3761.327909
8.0575,3761.447802
8.063,3761.567695
8.0685,3761.687588
8.074,3761.807481
8.0795,3761.927374
8.085,3762.047267
8.0905,3762.16716
8.096,3762.287052
8.1015,3762.406945
8.107,3762.526838
8.1125,3762.646731
8.118,3762.766624
8.1235,3762.886517
8.129,3763.00641
8.1345,3763.126302
8.14,3763.246195
8.1455,3763.366088
8.151,3763.485981
8.1565,3763.605874
8.162,3763.725767
8.1675,3763.84566
8.173,3763.965552
8.1785,3764.085445
8.184,3764.205338
8.1895,3764.325231
8.195,3764.445124
8.2005,3764.565017
8.206,3764.68491
8.2115,3764.804802
8.217,3764.924695
8.2225,3765.044588
8.228,3765.164481
8.2335,3765.284374
8.239,3765.404267
8.2445,3765.52416
8.25,3765.644052
8.2555,3765.763945
8.261,3765.883838
8.2665,3766.003731
8.272,3766.123624
8.2775,3766.243517
8.283,3766.36341
8.2885,3766.483302
8.294,3766.603195
8.2995,3766.723088
8.305,3766.842981
8.3105,3766.962874
8.316,3767.082767
8.3215,3767.20266
8.327,3767.322552
8.3325,3767.442445
8.338,3767.562338
8.3435,3767.682231
8.349,3767.802124
8.3545,3767.922017
8.36,3768.04191
8.3655,3768.161802
8.371,3768.281695
8.3765,3768.401588
8.382,3768.521481
8.3875,3768.641374
8.393,3768.761267
8.3985,3768.88116
8.404,3769.001052
8.4095,3769.120945
8.415,3769.240838
8.4205,3769.360731
8.426,3769.480624
8.4315,3769.600517
8.437,3769.72041
8.4425,3769.840302
8.448,3769.960195
8.4535,3770.080088
8.459,3770.199981
8.4645,3770.319874
8.47,3770.439767
8.4755,3770.55966
8.481,3770.679552
8.4865,3770.799445
8.492,3770.919338
8.4975,3771.039231
8.503,3771.159124
8.5085,3771.279017
8.514,3771.39891
8.5195,3771.518803
8.525,3771.638695
8.5305,3771.758588
8.536,3771.878481
8.5415,3771.998374
8.547,3772.118267
8.5525,3772.23816
8.558,3772.358053
8.5635,3772.477945
8.569,3772.597838
8.5745,3772.717731
8.58,3772.837624
8.5855,3772.957517
8.591,3773.07741
8.5965,3773.197303
8.602,3773.317195
8.6075,3773.437088
8.613,3773.556981
8.6185,3773.676874
8.624,3773.796767
8.6295,3773.91666
8.635,3774.036553
8.6405,3774.156445
8.646,3774.276338
8.6515,3774.396231
8.657,3774.516124
8.6625,3774.636017
8.668,3774.75591
8.6735,3774.875803
8.679,3774.995695
8.6845,3775.115588
8.69,3775.235481
8.6955,3775.355374
8.701,3775.475267
8.7065,3775.59516
8.712,3775.715053
8.7175,3775.834945
8.723,3775.954838
8.7285,3776.074731
8.734,3776.194624
8.7395,3776.314517
8.745,3776.43441
8.7505,3776.554303
8.756,3776.674195
8.7615,3776.794088
8.767,3776.913981
8.7725,3777.033874
8.778,3777.153767
8.7835,3777.27366
8.789,3777.393553
8.7945,3777.513445
8.8,3777.633338
8.8055,3777.753231
8.811,3777.873124
8.8165,3777.993017
8.822,3778.11291
8.8275,3778.232803
8.833,3778.352695
8.8385,3778.472588
8.844,3778.592481
8.8495,3778.712374
8.855,3778.832267
8.8605,3778.95216
8.866,3779.072053
8.8715,3779.191945
8.877,3779.311838
8.8825,3779.431731
8.888,3779.551624
8.8935,3779.671517
8.899,3779.79141
8.9045,3779.911303
8.91,3780.031196
8.9155,3780.151088
8.921,3780.270981
8.9265,3780.390874
8.932,3780.510767
8.9375,3780.63066
8.943,3780.750553
8.9485,3780.870446
8.954,3780.990338
8.9595,3781.110231
8.965,3781.230124
8.9705,3781.350017
8.976,3781.46991
8.9815,3781.589803
8.987,3781.709696
8.9925,3781.829588
8.998,3781.949481
9.0035,3782.069374
9.009,3782.189267
9.0145,3782.30916
9.02,3782.429053
9.0255,3782.548946
9.031,3782.668838
9.0365,3782.788731
9.042,3782.908624
9.0475,3783.028517
9.053,3783.14841
9.0585,3783.268303
9.064,3783.388196
9.0695,3783.508088
9.075,3783.627981
9.0805,3783.747874
9.086,3783.867767
9.0915,3783.98766
9.097,3784.107553
9.1025,3784.227446
9.108,3784.347338
9.1135,3784.467231
9.119,3784.587124
9.1245,3784.707017
9.13,3784.82691
9.1355,3784.946803
9.141,3785.066696
9.1465,3785.186588
9.152,3785.306481
9.1575,3785.426374
9.163,3785.546267
9.1685,3785.66616
9.174,3785.786053
9.1795,3785.905946
9.185,3786.025838
9.1905,3786.145731
9.196,3786.265624
9.2015,3786.385517
9.207,3786.50541
9.2125,3786.625303
9.218,3786.745196
9.2235,3786.865088
9.229,3786.984981
9.2345,3787.104874
9.24,3787.224767
9.2455,3787.34466
9.251,3787.464553
9.2565,3787.584446
9.262,3787.704338
9.2675,3787.824231
9.273,3787.944124
9.2785,3788.064017
9.284,3788.18391
9.2895,3788.303803
9.295,3788.423696
9.3005,3788.543589
9.306,3788.663481
9.3115,3788.783374
9.317,3788.903267
9.3225,3789.02316
9.328,3789.143053
9.3335,3789.262946
9.339,3789.382839
9.3445,3789.502731
9.35,3789.622624
9.3555,3789.742517
9.361,3789.86241
9.3665,3789.982303
9.372,3790.102196
9.3775,3790.222089
9.383,3790.341981
9.3885,3790.461874
9.394,3790.581767
9.3995,3790.70166
9.405,3790.821553
9.4105,3790.941446
9.416,3791.061339
9.4215,3791.181231
9.427,3791.301124
9.4325,3791.421017
9.438,3791.54091
9.4435,3791.660803
9.449,3791.780696
9.4545,3791.900589
9.46,3792.020481
9.4655,3792.140374
9.471,3792.260267
9.4765,3792.38016
9.482,3792.500053
9.4875,3792.619946
9.493,3792.739839
9.4985,3792.859731
9.504,3792.979624
9.5095,3793.099517
9.515,3793.21941
9.5205,3793.339303
9.526,3793.459196
9.5315,3793.579089
9.537,3793.698981
9.5425,3793.818874
9.548,3793.938767
9.5535,3794.05866
9.559,3794.178553
9.5645,3794.298446
9.57,3794.418339
9.5755,3794.538231
9.581,3794.658124
9.5865,3794.778017
9.592,3794.89791
9.5975,3795.017803
9.603,3795.137696
9.6085,3795.257589
9.614,3795.377481
9.6195,3795.497374
9.625,3795.617267
9.6305,3795.73716
9.636,3795.857053
9.6415,3795.976946
9.647,3796.096839
9.6525,3796.216731
9.658,3796.336624
9.6635,3796.456517
9.669,3796.57641
9.6745,3796.696303
9.68,3796.816196
9.6855,3796.936089
9.691,3797.055982
9.6965,3797.175874
9.702,3797.295767
9.7075,3797.41566
9.713,3797.535553
9.7185,3797.655446
9.724,3797.775339
9.7295,3797.895232
9.735,3798.015124
9.7405,3798.135017
9.746,3798.25491
9.7515,3798.374803
9.757,3798.494696
9.7625,3798.614589
9.768,3798.734482
9.7735,3798.854374
9.779,3798.974267
9.7845,3799.09416
9.79,3799.214053
9.7955,3799.333946
9.801,3799.453839
9.8065,3799.573732
9.812,3799.693624
9.8175,3799.813517
9.823,3799.93341
9.8285,3800.053303
9.834,3800.173196
9.8395,3800.293089
9.845,3800.412982
9.8505,3800.532874
9.856,3800.652767
9.8615,3800.77266
9.867,3800.892553
9.8725,3801.012446
9.878,3801.132339
9.8835,3801.252232
9.889,3801.372124
9.8945,3801.492017
9.9,3801.61191
9.9055,3801.731803
9.911,3801.851696
9.9165,3801.971589
9.922,3802.091482
9.9275,3802.211374
9.933,3802.331267
9.9385,3802.45116
9.944,3802.571053
9.9495,3802.690946
9.955,3802.810839
9.9605,3802.930732
9.966,3803.050624
9.9715,3803.170517
9.977,3803.29041
9.9825,3803.410303
9.988,3803.530196
9.9935,3803.650089
9.999,3803.769982
10.0045,3803.889874
10.01,3804.009767
10.0155,3804.12966
10.021,3804.249553
10.0265,3804.369446
10.032,3804.489339
10.0375,3804.609232
10.043,3804.729124
10.0485,3804.849017
10.054,3804.96891
10.0595,3805.088803
10.065,3805.208696
10.0705,3805.328589
10.076,3805.448482
10.0815,3805.568375
10.087,3805.688267
10.0925,3805.80816
10.098,3805.928053
10.1035,3806.047946
10.109,3806.167839
10.1145,3806.287732
10.12,3806.407625
10.1255,3806.527517
10.131,3806.64741
10.1365,3806.767303
10.142,3806.887196
10.1475,3807.007089
10.153,3807.126982
10.1585,3807.246875
10.164,3807.366767
10.1695,3807.48666
10.175,3807.606553
10.1805,3807.726446
10.186,3807.846339
10.1915,3807.966232
10.197,3808.086125
10.2025,3808.206017
10.208,3808.32591
10.2135,3808.445803
10.219,3808.565696
10.2245,3808.685589
10.23,3808.805482
10.2355,3808.925375
10.241,3809.045267
10.2465,3809.16516
10.252,3809.285053
10.2575,3809.404946
10.263,3809.524839
10.2685,3809.644732
10.274,3809.764625
10.2795,3809.884517
10.285,3810.00441
10.2905,3810.124303
10.296,3810.244196
10.3015,3810.364089
10.307,3810.483982
10.3125,3810.603875
10.318,3810.723767
10.3235,3810.84366
10.329,3810.963553
10.3345,3811.083446
10.34,3811.203339
10.3455,3811.323232
10.351,3811.443125
10.3565,3811.563017
10.362,3811.68291
10.3675,3811.802803
10.373,3811.922696
10.3785,3812.042589
10.384,3812.162482
10.3895,3812.282375
10.395,3812.402267
10.4005,3812.52216
10.406,3812.642053
10.4115,3812.761946
10.417,3812.881839
10.4225,3813.001732
10.428,3813.121625
10.4335,3813.241517
10.439,3813.36141
10.4445,3813.481303
10.45,3813.601196
10.4555,3813.721089
10.461,3813.840982
10.4665,3813.960875
10.472,3814.080768
10.4775,3814.20066
10.483,3814.320553
10.4885,3814.440446
10.494,3814.560339
10.4995,3814.680232
10.505,3814.800125
10.5105,3814.920018
10.516,3815.03991
10.5215,3815.159803
10.527,3815.279696
10.5325,3815.399589
10.538,3815.519482
10.5435,3815.639375
10.549,3815.759268
10.5545,3815.87916
10.56,3815.999053
10.5655,3816.118946
10.571,3816.238839
10.5765,3816.358732
10.582,3816.478625
10.5875,3816.598518
10.593,3816.71841
10.5985,3816.838303
10.604,3816.958196
10.6095,3817.078089
10.615,3817.197982
10.6205,3817.317875
10.626,3817.437768
10.6315,3817.55766
10.637,3817.677553
10.6425,3817.797446
10.648,3817.917339
10.6535,3818.037232
10.659,3818.157125
10.6645,3818.277018
10.67,3818.39691
10.6755,3818.516803
10.681,3818.636696
10.6865,3818.756589
10.692,3818.876482
10.6975,3818.996375
10.703,3819.116268
10.7085,3819.23616
10.714,3819.356053
10.7195,3819.475946
10.725,3819.595839
10.7305,3819.715732
10.736,3819.835625
10.7415,3819.955518
10.747,3820.07541
10.7525,3820.195303
10.758,3820.315196
10.7635,3820.435089
10.769,3820.554982
10.7745,3820.674875
10.78,3820.794768
10.7855,3820.91466
10.791,3821.034553
10.7965,3821.154446
10.802,3821.274339
10.8075,3821.394232
10.813,3821.514125
10.8185,3821.634018
10.824,3821.75391
10.8295,3821.873803
10.835,3821.993696
10.8405,3822.113589
10.846,3822.233482
10.8515,3822.353375
10.857,3822.473268
10.8625,3822.593161
10.868,3822.713053
10.8735,3822.832946
10.879,3822.952839
10.8845,3823.072732
10.89,3823.192625
10.8955,3823.312518
10.901,3823.432411
10.9065,3823.552303
10.912,3823.672196
10.9175,3823.792089
10.923,3823.911982
10.9285,3824.031875
10.934,3824.151768
10.9395,3824.271661
10.945,3824.391553
10.9505,3824.511446
10.956,3824.631339
10.9615,3824.751232
10.967,3824.871125
10.9725,3824.991018
10.978,3825.110911
10.9835,3825.230803
10.989,3825.350696
10.9945,3825.470589
11,3825.470589
11.0055,3824.1663
11.011,3822.862012
11.0165,3821.557723
11.022,3820.253434
11.0275,3818.949145
11.033,3817.644857
11.0385,3816.340568
11.044,3815.036279
11.0495,3813.73199
11.055,3812.427701
11.0605,3811.123413
11.066,3809.819124
11.0715,3808.514835
11.077,3807.210546
11.0825,3805.906258
11.088,3804.601969
11.0935,3803.29768
11.099,3801.993391
11.1045,3800.689103
11.11,3799.384814
11.1155,3798.080525
11.121,3796.776236
11.1265,3795.471947
11.132,3794.167659
11.1375,3792.86337
11.143,3791.559081
11.1485,3790.254792
11.154,3788.950504
11.1595,3787.646215
11.165,3786.341926
11.1705,3785.037637
11.176,3783.733349
11.1815,3782.42906
11.187,3781.124771
11.1925,3779.820482
11.198,3778.516193
11.2035,3777.211905
11.209,3775.907616
11.2145,3774.603327
11.22,3773.299038
11.2255,3771.99475
11.231,3770.690461
11.2365,3769.386172
11.242,3768.081883
11.2475,3766.777595
11.253,3765.473306
11.2585,3764.169017
11.264,3762.864728
11.2695,3761.56044
11.275,3760.256151
11.2805,3758.951862
11.286,3757.647573
11.2915,3756.343284
11.297,3755.038996
11.3025,3753.734707
11.308,3752.430418
11.3135,3751.126129
11.319,3749.821841
11.3245,3748.517552
11.33,3747.213263
11.3355,3745.908974
11.341,3744.604686
11.3465,3743.300397
11.352,3741.996108
11.3575,3740.691819
11.363,3739.38753
11.3685,3738.083242
11.374,3736.778953
11.3795,3735.474664
11.385,3734.170375
11.3905,3732.866087
11.396,3731.561798
11.4015,3730.257509
11.407,3728.95322
11.4125,3727.648932
11.418,3726.344643
11.4235,3725.040354
11.429,3723.736065
11.4345,3722.431776
11.44,3721.127488
11.4455,3719.823199
11.451,3718.51891
11.4565,3717.214621
11.462,3715.910333
11.4675,3714.606044
11.473,3713.301755
11.4785,3711.997466
11.484,3710.693178
11.4895,3709.388889
11.495,3708.0846
11.5005,3706.780311
11.506,3705.476023
11.5115,3704.171734
11.517,3702.867445
11.5225,3701.563156
11.528,3700.258867
11.5335,3698.954579
11.539,3697.65029
11.5445,3696.346001
11.55,3695.041712
11.5555,3693.737424
11.561,3692.433135
11.5665,3691.128846
11.572,3689.824557
11.5775,3688.520269
11.583,3687.21598
11.5885,3685.911691
11.594,3684.607402
11.5995,3683.303113
11.605,3681.998825
11.6105,3680.694536
11.616,3679.390247
11.6215,3678.085958
11.627,3676.78167
11.6325,3675.477381
11.638,3674.173092
11.6435,3672.868803
11.649,3671.564515
11.6545,3670.260226
11.66,3668.955937
11.6655,3667.651648
11.671,3666.347359
11.6765,3665.043071
11.682,3663.738782
11.6875,3662.434493
11.693,3661.130204
11.6985,3659.825916
11.704,3658.521627
11.7095,3657.217338
11.715,3655.913049
11.7205,3654.608761
11.726,3653.304472
11.7315,3652.000183
11.737,3650.695894
11.7425,3649.391606
11.748,3648.087317
11.7535,3646.783028
11.759,3645.478739
11.7645,3644.17445
11.77,3642.870162
11.7755,3641.565873
11.781,3640.261584
11.7865,3638.957295
11.792,3637.653007
11.7975,3636.348718
11.803,3635.044429
11.8085,3633.74014
11.814,3632.435852
11.8195,3631.131563
11.825,3629.827274
11.8305,3628.522985
11.836,3627.218696
11.8415,3625.914408
11.847,3624.610119
11.8525,3623.30583
11.858,3622.001541
11.8635,3620.697253
11.869,3619.392964
11.8745,3618.088675
11.88,3616.784386
11.8855,3615.480098
11.891,3614.175809
11.8965,3612.87152
11.902,3611.567231
11.9075,3610.262942
11.913,3608.958654
11.9185,3607.654365
11.924,3606.350076
11.9295,3605.045787
11.935,3603.741499
11.9405,3602.43721
11.946,3601.132921
11.9515,3599.828632
11.957,3598.524344
11.9625,3597.220055
11.968,3595.915766
11.9735,3594.611477
11.979,3593.307189
11.9845,3592.0029
11.99,3590.698611
11.9955,3589.394322
12.001,3588.090033
12.0065,3586.785745
12.012,3585.481456
12.0175,3584.177167
12.023,3582.872878
12.0285,3581.56859
12.034,3580.264301
12.0395,3578.960012
12.045,3577.655723
12.0505,3576.351435
12.056,3575.047146
12.0615,3573.742857
12.067,3572.438568
12.0725,3571.134279
12.078,3569.829991
12.0835,3568.525702
12.089,3567.221413
12.0945,3565.917124
12.1,3564.612836
12.1055,3563.308547
12.111,3562.004258
12.1165,3560.699969
12.122,3559.395681
12.1275,3558.091392
12.133,3556.787103
12.1385,3555.482814
12.144,3554.178525
12.1495,3552.874237
12.155,3551.569948
12.1605,3550.265659
12.166,3548.96137
12.1715,3547.657082
12.177,3546.352793
12.1825,3545.048504
12.188,3543.744215
12.1935,3542.439927
12.199,3541.135638
12.2045,3539.831349
12.21,3538.52706
12.2155,3537.222772
12.221,3535.918483
12.2265,3534.614194
12.232,3533.309905
12.2375,3532.005616
12.243,3530.701328
12.2485,3529.397039
12.254,3528.09275
12.2595,3526.788461
12.265,3525.484173
12.2705,3532.590266
12.276,3544.847058
12.2815,3533.662698
12.287,3537.97811
12.2925,3555.682561
12.298,3525.064594
12.3035,3528.971336
12.309,3534.371671
12.3145,3527.577843
12.32,3502.230731
12.3255,3515.968626
12.331,3510.465376
12.3365,3492.648509
12.342,3501.43362
12.3475,3506.563032
12.353,3502.203991
12.3585,3477.869321
12.364,3501.622738
12.3695,3488.00623
12.375,3484.201701
12.3805,3465.940451
12.386,3481.146783
12.3915,3453.16697
12.397,3461.823128
12.4025,3449.125295
12.408,3450.498733
12.4135,3447.465277
12.419,3445.118629
12.4245,3433.526301
12.43,3429.53195
12.4355,3442.822646
12.441,3400.537584
12.4465,3418.080889
12.452,3399.306821
12.4575,3397.09106
12.463,3373.978005
12.4685,3381.316318
12.474,3359.47273
12.4795,3338.898961
12.485,3338.563122
12.4905,3313.802893
12.496,3311.119526
12.5015,3286.265881
12.507,3290.528692
12.5125,3269.334439
12.518,3269.787267
12.5235,3265.919757
12.529,3252.862687
12.5345,3250.076053
12.54,3218.756502
12.5455,3210.002178
12.551,3185.652379
12.5565,3183.800428
12.562,3157.828963
12.5675,3162.988634
12.573,3135.050339
12.5785,3130.473856
12.584,3113.611553
12.5895,3106.682263
12.595,3079.201547
12.6005,3081.122811
12.606,3059.550498
12.6115,3064.919343
12.617,3047.690414
12.6225,3056.847604
12.628,3045.924666
12.6335,3034.741889
12.639,3022.501458
12.6445,3015.785213
12.65,3016.245957
12.6555,2996.897322
12.661,2997.032255
12.6665,2980.311395
12.672,2967.993381
12.6775,2949.198906
12.683,2929.711995
12.6885,2923.756092
12.694,2894.397212
12.6995,2876.97723
12.705,2846.893368
12.7105,2832.907772
12.716,2818.924639
12.7215,2818.93625
12.727,2800.284273
12.7325,2802.140622
12.738,2817.845346
12.7435,2801.705035
12.749,2799.718502
12.7545,2788.425597
12.76,2757.444699
12.7655,2707.570985
12.771,2673.049795
12.7765,2628.544574
12.782,2614.404692
12.7875,2598.047994
12.793,2609.226549
12.7985,2601.457047
12.804,2605.394927
12.8095,2596.980312
12.815,2580.4162
12.8205,2549.577273
12.826,2521.686126
12.8315,2481.817554
12.837,2440.673006
12.8425,2432.389631
12.848,2402.062466
12.8535,2395.999074
12.859,2381.783721
12.8645,2371.536508
12.87,2343.765165
12.8755,2336.269049
12.881,2314.310055
12.8865,2294.303816
12.892,2283.68681
12.8975,2271.468897
12.903,2250.25846
12.9085,2231.27944
12.914,2218.933279
12.9195,2211.203184
12.925,2181.318468
12.9305,2162.288079
12.936,2142.180508
12.9415,2118.056419
12.947,2082.983708
12.9525,2072.518876
12.958,2052.633849
12.9635,2037.504924
12.969,2018.017484
12.9745,1997.175079
12.98,1966.451734
12.9855,1943.906914
12.991,1916.437633
12.9965,1893.608695
13.002,1873.906453
13.0075,1850.07299
13.013,1825.904217
13.0185,1798.792061
13.024,1770.929238
13.0295,1729.447796
13.035,1700.833954
13.0405,1669.930814
13.046,1635.706408
13.0515,1608.385255
13.057,1584.317637
13.0625,1564.227659
13.068,1534.872826
13.0735,1518.64332
13.079,1498.344344
13.0845,1479.488824
13.09,1453.793383
13.0955,1441.911132
13.101,1417.428511
13.1065,1394.681026
13.112,1372.404314
13.1175,1352.168494
13.123,1323.490792
13.1285,1301.534261
13.134,1277.227036
13.1395,1262.265414
13.145,1245.735255
13.1505,1235.149036
13.156,1221.980958
13.1615,1213.010248
13.167,1199.423119
13.1725,1187.61634
13.178,1173.612448
13.1835,1164.651942
13.189,1158.767816
13.1945,1154.052176
13.2,1147.148748
13.2055,1145.499637
13.211,1142.533385
13.2165,1135.628725
13.222,1130.110872
13.2275,1129.826931
13.233,1119.909575
13.2385,1112.647085
13.244,1108.333432
13.2495,1105.815962
13.255,1098.260207
13.2605,1097.7305
13.266,1092.587542
13.2715,1085.060463
13.277,1075.14944
13.2825,1070.550438
13.288,1063.1502
13.2935,1056.6236
13.299,1050.950759
13.3045,1046.734392
13.31,1037.966874
13.3155,1031.710845
13.321,1025.840265
13.3265,1019.160612
13.332,1010.27241
13.3375,1006.918773
13.343,1002.650156
13.3485,998.5504261
13.354,993.4718557
13.3595,990.4767518
13.365,981.3049606
13.3705,974.4625775
13.376,966.9247673
13.3815,965.0960386
13.387,956.5744621
13.3925,951.0893317
13.398,941.8774299
13.4035,934.4759607
13.409,924.212562
13.4145,919.597551
13.42,915.1818618
13.4255,911.2446855
13.431,903.1864925
13.4365,897.7418245
13.442,884.6383108
13.4475,871.6783509
13.453,856.9697077
13.4585,846.8421222
13.464,827.3476459
13.4695,814.0975876
13.475,800.9701482
13.4805,788.0017439
13.486,771.9117465
13.4915,759.341282
13.497,745.0527451
13.5025,729.7084889
13.508,706.4754544
13.5135,678.7468613
13.519,644.7680448
13.5245,615.0761413
13.53,584.223492
13.5355,565.7004674
13.541,545.6300164
13.5465,532.3583194
13.552,512.6764843
13.5575,495.3368995
13.563,472.1471424
13.5685,457.2555383
13.574,447.233859
13.5795,439.265739
13.585,434.140021
13.5905,435.7926499
13.596,435.0046869
13.6015,432.0792488
13.607,423.2608887
13.6125,409.105702
13.618,398.755045
13.6235,393.3281454
13.629,380.8560224
13.6345,376.6465159
13.64,376.3817505
13.6455,366.3382566
13.651,346.4928122
13.6565,331.7482806
13.662,315.9693165
13.6675,298.9558947
13.673,283.8688392
13.6785,277.5568666
13.684,270.8675372
13.6895,265.747097
13.695,255.1420541
13.7005,246.5625986
13.706,231.3056007
13.7115,218.3050024
13.717,208.8093354
13.7225,202.778841
13.728,195.9341708
13.7335,191.4834728
13.739,183.3147996
13.7445,170.5416708
13.75,160.0142103
13.7555,149.8217089
13.761,142.891012
13.7665,141.3462244
13.772,140.513049
13.7775,138.1451137
13.783,135.0571219
13.7885,131.9870744
13.794,126.2574098
13.7995,117.3206529
13.805,107.4639902
13.8105,98.61994521
13.816,90.27921846
13.8215,85.90997314
13.827,84.3709911
13.833,85.47702449
